{"rainfall":{"data":[{"unit":"mm","place":"Central &amp; Western District","max":21,"min":2,"main":"FALSE"},{"unit":"mm","place":"Eastern District","max":6,"min":0,"main":"FALSE"},{"unit":"mm","place":"Kwai Tsing","max":0,"main":"FALSE"},{"unit":"mm","place":"Islands District","max":10,"min":0,"main":"FALSE"},{"unit":"mm","place":"North District","max":0,"main":"FALSE"},{"unit":"mm","place":"Sai Kung","max":1,"min":0,"main":"FALSE"},{"unit":"mm","place":"Sha Tin","max":0,"main":"FALSE"},{"unit":"mm","place":"Southern District","max":57,"min":0,"main":"FALSE"},{"unit":"mm","place":"Tai Po","max":0,"main":"FALSE"},{"unit":"mm","place":"Tsuen Wan","max":0,"main":"FALSE"},{"unit":"mm","place":"Tuen Mun","max":0,"main":"FALSE"},{"unit":"mm","place":"Wan Chai","max":19,"min":12,"main":"FALSE"},{"unit":"mm","place":"Yuen Long","max":0,"main":"FALSE"},{"unit":"mm","place":"Yau Tsim Mong","max":4,"min":0,"main":"FALSE"},{"unit":"mm","place":"Sham Shui Po","max":0,"main":"FALSE"},{"unit":"mm","place":"Kowloon City","max":4,"min":0,"main":"FALSE"},{"unit":"mm","place":"Wong Tai Sin","max":0,"main":"FALSE"},{"unit":"mm","place":"Kwun Tong","max":2,"min":0,"main":"FALSE"}],"startTime":"2020-09-29T09:45:00+08:00","endTime":"2020-09-29T10:45:00+08:00"},"icon":[63],"iconUpdateTime":"2020-09-29T11:15:00+08:00","uvindex":{"data":[{"place":"King's Park","value":2,"desc":"low"}],"recordDesc":"During the past hour"},"updateTime":"2020-09-29T11:16:00+08:00","temperature":{"data":[{"place":"King's Park","value":26,"unit":"C"},{"place":"Hong Kong Observatory","value":27,"unit":"C"},{"place":"Wong Chuk Hang","value":25,"unit":"C"},{"place":"Ta Kwu Ling","value":29,"unit":"C"},{"place":"Tai Po","value":27,"unit":"C"},{"place":"Sha Tin","value":29,"unit":"C"},{"place":"Tuen Mun","value":27,"unit":"C"},{"place":"Tseung Kwan O","value":27,"unit":"C"},{"place":"Sai Kung","value":28,"unit":"C"},{"place":"Cheung Chau","value":25,"unit":"C"},{"place":"Chek Lap Kok","value":29,"unit":"C"},{"place":"Tsing Yi","value":28,"unit":"C"},{"place":"Shek Kong","value":29,"unit":"C"},{"place":"Tsuen Wan Ho Koon","value":27,"unit":"C"},{"place":"Tsuen Wan Shing Mun Valley","value":28,"unit":"C"},{"place":"Hong Kong Park","value":25,"unit":"C"},{"place":"Shau Kei Wan","value":26,"unit":"C"},{"place":"Kowloon City","value":27,"unit":"C"},{"place":"Happy Valley","value":26,"unit":"C"},{"place":"Wong Tai Sin","value":27,"unit":"C"},{"place":"Stanley","value":26,"unit":"C"},{"place":"Kwun Tong","value":26,"unit":"C"},{"place":"Sham Shui Po","value":28,"unit":"C"},{"place":"Kai Tak Runway Park","value":26,"unit":"C"},{"place":"Yuen Long Park","value":30,"unit":"C"},{"place":"Tai Mei Tuk","value":28,"unit":"C"}],"recordTime":"2020-09-29T11:00:00+08:00"},"warningMessage":["The Thunderstorm Warning was issued at 11:15 a.m. It will remain effective until 1:00 p.m. today. Isolated thunderstorms are expected to occur over Hong Kong Island and Kowloon."],"mintempFrom00To09":"","rainfallFrom00To12":"","rainfallLastMonth":"","rainfallJanuaryToLastMonth":"","tcmessage":"","humidity":{"recordTime":"2020-09-29T11:00:00+08:00","data":[{"unit":"percent","value":94,"place":"Hong Kong Observatory"}]}}