{"rainfall":{"data":[{"unit":"mm","place":"Central &amp; Western District","max":2,"min":0,"main":"FALSE"},{"unit":"mm","place":"Eastern District","max":0,"main":"FALSE"},{"unit":"mm","place":"Kwai Tsing","max":22,"min":0,"main":"FALSE"},{"unit":"mm","place":"Islands District","max":1,"min":0,"main":"FALSE"},{"unit":"mm","place":"North District","max":8,"min":0,"main":"FALSE"},{"unit":"mm","place":"Sai Kung","max":0,"main":"FALSE"},{"unit":"mm","place":"Sha Tin","max":6,"min":0,"main":"FALSE"},{"unit":"mm","place":"Southern District","max":0,"main":"FALSE"},{"unit":"mm","place":"Tai Po","max":0,"main":"FALSE"},{"unit":"mm","place":"Tsuen Wan","max":5,"min":0,"main":"FALSE"},{"unit":"mm","place":"Tuen Mun","max":0,"main":"FALSE"},{"unit":"mm","place":"Wan Chai","max":0,"main":"FALSE"},{"unit":"mm","place":"Yuen Long","max":0,"main":"FALSE"},{"unit":"mm","place":"Yau Tsim Mong","max":0,"main":"FALSE"},{"unit":"mm","place":"Sham Shui Po","max":7,"min":1,"main":"FALSE"},{"unit":"mm","place":"Kowloon City","max":0,"main":"FALSE"},{"unit":"mm","place":"Wong Tai Sin","max":0,"main":"FALSE"},{"unit":"mm","place":"Kwun Tong","max":0,"main":"FALSE"}],"startTime":"2020-09-30T11:45:00+08:00","endTime":"2020-09-30T12:45:00+08:00"},"icon":[54],"iconUpdateTime":"2020-09-30T13:00:00+08:00","uvindex":"","updateTime":"2020-09-30T13:02:00+08:00","temperature":{"data":[{"place":"King's Park","value":29,"unit":"C"},{"place":"Hong Kong Observatory","value":29,"unit":"C"},{"place":"Wong Chuk Hang","value":30,"unit":"C"},{"place":"Lau Fau Shan","value":31,"unit":"C"},{"place":"Tai Po","value":29,"unit":"C"},{"place":"Sha Tin","value":31,"unit":"C"},{"place":"Tuen Mun","value":30,"unit":"C"},{"place":"Tseung Kwan O","value":31,"unit":"C"},{"place":"Sai Kung","value":29,"unit":"C"},{"place":"Cheung Chau","value":29,"unit":"C"},{"place":"Chek Lap Kok","value":29,"unit":"C"},{"place":"Tsing Yi","value":27,"unit":"C"},{"place":"Shek Kong","value":30,"unit":"C"},{"place":"Tsuen Wan Ho Koon","value":27,"unit":"C"},{"place":"Tsuen Wan Shing Mun Valley","value":28,"unit":"C"},{"place":"Hong Kong Park","value":27,"unit":"C"},{"place":"Shau Kei Wan","value":30,"unit":"C"},{"place":"Kowloon City","value":29,"unit":"C"},{"place":"Happy Valley","value":30,"unit":"C"},{"place":"Wong Tai Sin","value":29,"unit":"C"},{"place":"Stanley","value":30,"unit":"C"},{"place":"Kwun Tong","value":29,"unit":"C"},{"place":"Sham Shui Po","value":27,"unit":"C"},{"place":"Kai Tak Runway Park","value":29,"unit":"C"},{"place":"Yuen Long Park","value":31,"unit":"C"},{"place":"Tai Mei Tuk","value":31,"unit":"C"}],"recordTime":"2020-09-30T13:00:00+08:00"},"warningMessage":"","mintempFrom00To09":"","rainfallFrom00To12":"","rainfallLastMonth":"","rainfallJanuaryToLastMonth":"","tcmessage":"","humidity":{"recordTime":"2020-09-30T13:00:00+08:00","data":[{"unit":"percent","value":79,"place":"Hong Kong Observatory"}]}}