{"rainfall":{"data":[{"unit":"mm","place":"Central &amp; Western District","max":15,"min":5,"main":"FALSE"},{"unit":"mm","place":"Eastern District","max":11,"min":2,"main":"FALSE"},{"unit":"mm","place":"Kwai Tsing","max":0,"main":"FALSE"},{"unit":"mm","place":"Islands District","max":2,"min":0,"main":"FALSE"},{"unit":"mm","place":"North District","max":0,"main":"FALSE"},{"unit":"mm","place":"Sai Kung","max":1,"min":0,"main":"FALSE"},{"unit":"mm","place":"Sha Tin","max":1,"min":0,"main":"FALSE"},{"unit":"mm","place":"Southern District","max":8,"min":0,"main":"FALSE"},{"unit":"mm","place":"Tai Po","max":0,"main":"FALSE"},{"unit":"mm","place":"Tsuen Wan","max":0,"main":"FALSE"},{"unit":"mm","place":"Tuen Mun","max":0,"main":"FALSE"},{"unit":"mm","place":"Wan Chai","max":13,"min":6,"main":"FALSE"},{"unit":"mm","place":"Yuen Long","max":0,"main":"FALSE"},{"unit":"mm","place":"Yau Tsim Mong","max":10,"min":1,"main":"FALSE"},{"unit":"mm","place":"Sham Shui Po","max":1,"min":0,"main":"FALSE"},{"unit":"mm","place":"Kowloon City","max":9,"min":0,"main":"FALSE"},{"unit":"mm","place":"Wong Tai Sin","max":2,"min":1,"main":"FALSE"},{"unit":"mm","place":"Kwun Tong","max":2,"min":0,"main":"FALSE"}],"startTime":"2020-09-29T13:45:00+08:00","endTime":"2020-09-29T14:45:00+08:00"},"icon":[62],"iconUpdateTime":"2020-09-29T15:30:00+08:00","uvindex":{"data":[{"place":"King's Park","value":2,"desc":"low"}],"recordDesc":"During the past hour"},"updateTime":"2020-09-29T15:31:00+08:00","temperature":{"data":[{"place":"King's Park","value":26,"unit":"C"},{"place":"Hong Kong Observatory","value":27,"unit":"C"},{"place":"Wong Chuk Hang","value":26,"unit":"C"},{"place":"Ta Kwu Ling","value":29,"unit":"C"},{"place":"Lau Fau Shan","value":29,"unit":"C"},{"place":"Tai Po","value":28,"unit":"C"},{"place":"Sha Tin","value":29,"unit":"C"},{"place":"Tuen Mun","value":27,"unit":"C"},{"place":"Tseung Kwan O","value":27,"unit":"C"},{"place":"Sai Kung","value":29,"unit":"C"},{"place":"Cheung Chau","value":27,"unit":"C"},{"place":"Chek Lap Kok","value":29,"unit":"C"},{"place":"Tsing Yi","value":28,"unit":"C"},{"place":"Shek Kong","value":30,"unit":"C"},{"place":"Tsuen Wan Ho Koon","value":27,"unit":"C"},{"place":"Tsuen Wan Shing Mun Valley","value":29,"unit":"C"},{"place":"Hong Kong Park","value":26,"unit":"C"},{"place":"Shau Kei Wan","value":26,"unit":"C"},{"place":"Kowloon City","value":27,"unit":"C"},{"place":"Happy Valley","value":26,"unit":"C"},{"place":"Wong Tai Sin","value":27,"unit":"C"},{"place":"Stanley","value":27,"unit":"C"},{"place":"Kwun Tong","value":27,"unit":"C"},{"place":"Sham Shui Po","value":27,"unit":"C"},{"place":"Kai Tak Runway Park","value":27,"unit":"C"},{"place":"Yuen Long Park","value":29,"unit":"C"},{"place":"Tai Mei Tuk","value":28,"unit":"C"}],"recordTime":"2020-09-29T15:00:00+08:00"},"warningMessage":"","mintempFrom00To09":"","rainfallFrom00To12":"","rainfallLastMonth":"","rainfallJanuaryToLastMonth":"","tcmessage":"","humidity":{"recordTime":"2020-09-29T15:00:00+08:00","data":[{"unit":"percent","value":94,"place":"Hong Kong Observatory"}]}}