{"lightning":{"data":[{"place":"Lantau","occur":"true"},{"place":"New Territories East","occur":"true"},{"place":"New Territories West","occur":"true"},{"place":"Hong Kong and Kowloon","occur":"true"}],"startTime":"2020-09-30T19:45:00+08:00","endTime":"2020-09-30T20:45:00+08:00"},"rainfall":{"data":[{"unit":"mm","place":"Central &amp; Western District","max":71,"min":30,"main":"FALSE"},{"unit":"mm","place":"Eastern District","max":59,"min":16,"main":"FALSE"},{"unit":"mm","place":"Kwai Tsing","max":42,"min":27,"main":"FALSE"},{"unit":"mm","place":"Islands District","max":61,"min":0,"main":"FALSE"},{"unit":"mm","place":"North District","max":28,"min":2,"main":"FALSE"},{"unit":"mm","place":"Sai Kung","max":55,"min":5,"main":"FALSE"},{"unit":"mm","place":"Sha Tin","max":58,"min":14,"main":"FALSE"},{"unit":"mm","place":"Southern District","max":59,"min":1,"main":"FALSE"},{"unit":"mm","place":"Tai Po","max":20,"min":4,"main":"FALSE"},{"unit":"mm","place":"Tsuen Wan","max":43,"min":13,"main":"FALSE"},{"unit":"mm","place":"Tuen Mun","max":86,"min":20,"main":"FALSE"},{"unit":"mm","place":"Wan Chai","max":57,"min":41,"main":"FALSE"},{"unit":"mm","place":"Yuen Long","max":21,"min":0,"main":"FALSE"},{"unit":"mm","place":"Yau Tsim Mong","max":67,"min":56,"main":"FALSE"},{"unit":"mm","place":"Sham Shui Po","max":59,"min":50,"main":"FALSE"},{"unit":"mm","place":"Kowloon City","max":76,"min":62,"main":"FALSE"},{"unit":"mm","place":"Wong Tai Sin","max":67,"min":39,"main":"FALSE"},{"unit":"mm","place":"Kwun Tong","max":74,"min":60,"main":"FALSE"}],"startTime":"2020-09-30T19:45:00+08:00","endTime":"2020-09-30T20:45:00+08:00"},"icon":[64],"iconUpdateTime":"2020-09-30T20:10:00+08:00","specialWxTips":["Intense gusts reaching 70 kilometres per hour or above may affect Hong Kong. Members of public should seek safe shelter as soon as possible."],"uvindex":"","updateTime":"2020-09-30T21:02:00+08:00","temperature":{"data":[{"place":"King's Park","value":25,"unit":"C"},{"place":"Hong Kong Observatory","value":25,"unit":"C"},{"place":"Wong Chuk Hang","value":25,"unit":"C"},{"place":"Ta Kwu Ling","value":25,"unit":"C"},{"place":"Lau Fau Shan","value":25,"unit":"C"},{"place":"Tai Po","value":25,"unit":"C"},{"place":"Sha Tin","value":25,"unit":"C"},{"place":"Tuen Mun","value":24,"unit":"C"},{"place":"Tseung Kwan O","value":26,"unit":"C"},{"place":"Sai Kung","value":26,"unit":"C"},{"place":"Cheung Chau","value":25,"unit":"C"},{"place":"Chek Lap Kok","value":25,"unit":"C"},{"place":"Tsing Yi","value":25,"unit":"C"},{"place":"Shek Kong","value":25,"unit":"C"},{"place":"Tsuen Wan Ho Koon","value":24,"unit":"C"},{"place":"Tsuen Wan Shing Mun Valley","value":25,"unit":"C"},{"place":"Hong Kong Park","value":25,"unit":"C"},{"place":"Shau Kei Wan","value":25,"unit":"C"},{"place":"Kowloon City","value":25,"unit":"C"},{"place":"Happy Valley","value":25,"unit":"C"},{"place":"Wong Tai Sin","value":25,"unit":"C"},{"place":"Stanley","value":27,"unit":"C"},{"place":"Kwun Tong","value":25,"unit":"C"},{"place":"Sham Shui Po","value":25,"unit":"C"},{"place":"Kai Tak Runway Park","value":25,"unit":"C"},{"place":"Yuen Long Park","value":25,"unit":"C"},{"place":"Tai Mei Tuk","value":25,"unit":"C"}],"recordTime":"2020-09-30T21:00:00+08:00"},"warningMessage":["The Black Rainstorm Warning Signal has been issued.","The Thunderstorm Warning has been issued. It will remain effective until midnight tonight. Frequent squally thunderstorms are expected to occur over Hong Kong."],"mintempFrom00To09":"","rainfallFrom00To12":"","rainfallLastMonth":"","rainfallJanuaryToLastMonth":"","tcmessage":"","humidity":{"recordTime":"2020-09-30T21:00:00+08:00","data":[{"unit":"percent","value":97,"place":"Hong Kong Observatory"}]}}